<?xml version="1.0" encoding="UTF-8"?>
<project-private xmlns="http://www.netbeans.org/ns/project-private/1">
    <editor-bookmarks xmlns="http://www.netbeans.org/ns/editor-bookmarks/2" lastBookmarkId="0"/>
    <open-files xmlns="http://www.netbeans.org/ns/projectui-open-files/2">
        <group>
            <file>file:/run/media/jcaf/pleasure/PROYECTOS/MICROCHIP/C/PULSONIC/firmware/PIC18F4550/pulsonic.X/myeeprom.c</file>
            <file>file:/run/media/jcaf/pleasure/PROYECTOS/MICROCHIP/C/PULSONIC/firmware/PIC18F4550/pulsonic.X/mpap.h</file>
            <file>file:/run/media/jcaf/pleasure/PROYECTOS/MICROCHIP/C/PULSONIC/firmware/PIC18F4550/pulsonic.X/pulsonic.h</file>
            <file>file:/run/media/jcaf/pleasure/PROYECTOS/MICROCHIP/C/PULSONIC/firmware/PIC18F4550/pulsonic.X/flushAtNozzle.c</file>
            <file>file:/run/media/jcaf/pleasure/PROYECTOS/MICROCHIP/C/PULSONIC/firmware/PIC18F4550/pulsonic.X/nozzle.h</file>
        </group>
    </open-files>
</project-private>
